period_end,revenue,operating_cash_flow,capex_raw,cash,debt,capex_spend,free_cash_flow,revenue_yoy_pct,fcf_yoy_pct,fcf_margin_pct
2025-12-31,52017000000,10099000000,-336000000,7736000000,13470000000,336000000.0,9763000000.0,18.27959434262585,41.59535895576505,18.768864025222523
